0,0,0,y,novelist and poet,24,-,-,-,-,-,n
0,0,1,n,novelist,5*x1,-,-,-,-,-,n
0,0,2,n,poet,3*x1,-,-,-,-,-,n
1,0,0,y,ticket,525,ticket,-,-,dollar,2876,y
1,0,1,n,student ticket,x1,ticket,dollar,4,-,-,y
1,0,2,n,general admission ticket,x2,ticket,dollar,6,-,-,y
3,0,0,y,fund,6100,dollar,-,-,dollar,405,y
3,0,1,n,7 %,x1,-,%,7,-,-,y
3,0,2,n,6 %,x2,-,%,6,-,-,y
5,0,0,y,-,-,-,-,-,dollar,x2,n
5,0,1,n,-,1,-,dollar,160,-,-,n
5,0,2,n,-,x1,week,dollar,7,-,-,n
5,1,0,y,-,-,-,-,-,dollar,x2,n
5,1,1,n,-,1,-,dollar,210,-,-,n
5,1,2,n,-,x1,week,dollar,5,-,-,n
6,0,0,y,ticket,80,seat,-,-,dollar,519,y
6,0,1,n,adult ticket,x1,-,dollar,12,-,-,y
6,0,2,n,child ticket,x2,-,dollar,5,-,-,y
10,0,0,y,fund,"10,000",dollar,-,-,-,-,y
10,0,1,n,5 %,x1,-,%,5,-,-,y
10,0,2,n,7 %,x2,-,%,7,-,-,y
11,0,0,y,phone service,-,-,-,-,dollar,23.36,n
11,0,1,n,monthly fee,1,month,dollar,2,-,-,n
11,0,2,n,-,x1,minute,cent,12,-,-,n
13,0,0,y,25 % alcohol,30,ounce,% alcohol,25,-,-,y
13,0,1,n,15 % alcohol,x1,-,% alcohol,15,-,-,y
13,0,2,n,45 % alcohol,x2,-,% alcohol,40,-,-,y
14,0,0,n,this year,"16, 000",dollar,-,-,-,-,n
14,0,1,n,last year,x1,-,-,-,-,-,n
15,0,0,y,45 % solution,1000,milliliter,%,45,-,-,y
15,0,1,n,25 % copper solution,x1,milliliter,%,25,-,-,y
15,0,2,n,50 % copper solution,x2,milliliter,%,50,-,-,y
18,0,0,y,game,82,game,-,-,-,-,n
18,0,1,n,win,3*x1 -2,-,-,-,-,-,n
18,0,2,n,lose,x1,-,-,-,-,-,n
19,0,0,y,12 percent solution,50,cubic-centimeter,percent solution,12,-,-,y
19,0,1,n,6 percent acid solution,x1,-,percent acid solution,6,-,-,y
19,0,2,n,14 percent acid solution,x2,-,percent acid solution,14,-,-,y
21,0,0,y,-,-,-,-,-,dollar,500,y
21,0,1,n,commision,4,%,dollar,-,-,-,y
21,0,2,n,-,1,-,dollar,190,-,-,y
22,0,0,y,pipe,68,foot,-,-,-,-,n
22,0,1,n,-,x1,foot,-,-,-,-,n
22,0,2,n,-,x1 -12,foot,-,-,-,-,n
23,0,0,y,24.9 % copper,100,ounce,% copper,24.9,-,-,y
23,0,1,n,20 % alloy,x1,ounce,% alloy,20,-,-,y
23,0,2,n,27 % alloy,x2,ounce,% alloy,27,-,-,y
25,0,0,,ticket,29,ticket,-,-,dollar,225,y
25,0,1,,7-dollar ticket,x1,-,dollar,7,-,-,y
25,0,2,,9-dollar ticket,x2,-,dollar,9,-,-,y
28,0,0,y,hot dog and soda,87,-,-,-,dollar,78.5,y
28,0,1,n,hot dog,x1,-,dollar,1.5,-,-,y
28,0,2,n,soda,x2,-,dollar,0.5,-,-,y
30,0,0,y,-,-,-,-,-,dollar,4.91,y
30,0,1,n,doughnut,3,-,dollar,x1,-,-,y
30,0,2,n,large coffee,4,-,dollar,x2,-,-,y
30,1,0,y,-,-,-,-,-,dollar,7.59,y
30,1,1,n,doughnut,5,-,dollar,x1,-,-,y
30,1,2,n,large coffee,6,-,dollar,x2,-,-,y
31,0,0,y,-,-,-,-,-,mile,200,n
31,0,1,n,paved road,2,hour,mile,x1 + 20,-,-,n
31,0,2,n,dirt road,3,hour,mile,x1 + 20,-,-,n
32,0,0,y,game,-,game,-,-,point,60,n
32,0,1,n,win,x1+9,game,point,2,-,-,n
32,0,2,n,tie,x1,game,point,1,-,-,n
34,0,0,y,ticket,"2, 000",ticket,-,-,dollar,"20, 960",y
34,0,1,n,student,x1,student ticket,dollar,9,-,-,y
34,0,2,n,non-student,x2,,dollar,1,-,-,y
35,0,0,y,-,-,-,-,-,mile,3,n
35,0,1,n,mary,4,mile,hour,x1,-,-,n
35,0,2,n,sharon,6,mile,hour,x1,-,-,n
36,0,0,n,-,x2,-,pound,133,pound,26.6,n
36,0,1,n,-,x2,-,pound,136,pound,x1,n
37,0,0,y,5-dollar and 20-dollar bill,54,bill,-,-,dollar,780,y
37,0,1,n,5-dollar bill,x1,bill,dollar,5,-,-,y
37,0,2,n,20-dollar bill,x2,bill,dollar,20,-,-,y
38,0,0,y,fund,"10, 000",dollar,-,-,dollar,740,y
38,0,1,n,junk bond fund,x1,-,% interest,11,-,-,y
38,0,2,n,government bond fund,x2,-,% interest,5,-,-,y
39,0,0,y,picture package,-,-,-,-,dollar,x2,n
39,0,1,n,one time sit fee,1,-,dollar,125,-,-,n
39,0,2,n,sheet,x1,sheet,dollar,2.75,-,-,n
39,1,0,y,picture package,-,-,-,-,dollar,x2,n
39,1,1,n,one time sit fee,1,-,dollar,140,-,-,n
39,1,2,n,sheet,x1,sheet,dollar,1.5,-,-,n
40,0,0,y,-,x1,t-shirt,dollar,20,-,-,n
40,0,1,n,equipment,1,-,dollar,"1, 500",-,-,n
40,0,2,n,-,x1,t-shirt,dollar,3,-,-,n
41,0,0,y,-,-,-,-,-,dollar,"2, 814",n
41,0,1,n,mcdonald stock,35,share,dollar,70 + x1,-,-,n
41,0,2,n,ohio art company stock,69,share,dollar,x1,-,-,n
44,0,0,y,1-day rental,-,-,-,-,dollar,46.12,n
44,0,1,n,-,1,day,dollar,29,-,-,n
44,0,2,n,-,x1,mile,dollar,0.08,-,-,n
45,0,0,y,ticket,21,ticket,-,-,dollar,104,y
45,0,1,n,child ticket,x1,-,dollar,4,-,-,y
45,0,2,n,adult ticket,x2,-,dollar,6,-,-,y
46,0,0,y,work,50,hour,-,-,dollar,32.4,y
46,0,1,n,ordinary time,x1,hour,cent,60,-,-,y
46,0,2,n,overtime,x2,hour,cent,90,-,-,y
47,0,0,y,part-time job,25,hour,-,-,dollar,300,y
47,0,1,n,college library,x1,hour,dollar,8,-,-,y
47,0,2,n,construction work,x2,hour,dollar,15,-,-,y
48,0,0,y,coin,40,coin,-,-,dollar,125,y
48,0,1,n,5-dollar coin,x1,-,dollar,5,-,-,y
48,0,2,n,2-dollar coin,x2,-,dollar,2,-,-,y
49,0,0,y,room,260,room,-,-,dollar,14000,y
49,0,1,n,single room,x1,-,dollar,35,-,-,y
49,0,2,n,double room,x2,-,dollar,60,-,-,y
51,0,0,y,65 % alcohol solution,1,gallon,% alcohol solution,65,-,-,y
51,0,1,n,75 % alcohol solution,x1,gallon,% alcohol solution,75,-,-,y
51,0,2,n,50 % alcohol solution,x2,gallon,% alcohol solution,50,-,-,y
52,0,0,y,-,15000,dollar,-,-,dollar,550,y
52,0,1,n,4 %,x1,-,% annual simple 4,,-,-,y
52,0,2,n,3 %,x2,-,%,3,-,-,y
53,0,0,y,-,"17, 000",dollar,-,-,dollar,"1, 380",y
53,0,1,n,18 %,x1,-,%,18,-,-,y
53,0,2,n,4 %,x2,-,%,4,-,-,y
54,0,0,y,card,20,card,-,-,credit,84,y
54,0,1,n,red card,x1,card,credit,3,-,-,y
54,0,2,n,blue card,x2,card,credit,5,-,-,y
56,0,0,y,-,-,-,-,-,mile,19.5,n
56,0,1,n,juan,x1+3,mile,hour,1.5,-,-,n
56,0,2,n,peter,x1,mile,houir,1.5,-,-,n
57,0,0,y,-,-,-,-,-,dollar,65,n
57,0,1,n,skate,x1,-,dollar,2.5,-,-,n
58,0,0,y,,100,carton,-,-,dollar,360,y
58,0,1,n,pencil,x1,carton,dollar,6,-,-,y
58,0,2,n,eraser,x2,carton,dollar,3,-,-,y
60,0,0,y,-,9000,dollar,-,-,dollar,770,y
60,0,1,n,9 %,x1,-,%,9,-,-,y
60,0,2,n,8 %,x2,-,%,8,-,-,y
62,0,0,y,-,x1,book,dollar,20.25,-,-,n
62,0,1,n,one-time fixed cost,1,-,dollar,"35, 630",-,-,n
62,0,2,n,variable cost,x1,book,dollar,11.5,-,-,n
63,0,0,y,daily budget,-,-,-,-,dollar,76,n
63,0,1,n,-,1,day,dollar,30,-,-,n
63,0,2,n,-,x1,mile,cent,23,-,-,n
64,0,0,y,-,35,people,-,-,dollar,3950,y
64,0,1,n,heavy equipment operator,x1,-,dollar,140,-,-,y
64,0,2,n,general laborer,x2,-,dollar,90,-,-,y
-,,,,with the wind,,,,,,,
68,0,0,y,-,1,-,-,-,dollar,95.74,n
68,0,1,n,rental fee,1,-,dollar,20.99,-,-,n
68,0,2,n,-,x1,mile,cent,25,-,-,n
69,0,0,y,adult and child,127,-,-,-,dollar,839,y
69,0,1,n,adult,x1,-,dollar,7,-,-,y
69,0,2,n,child,x2,-,dollar,5,-,-,y
70,0,0,y,ticket,65,ticket,-,-,dollar,855,
70,0,1,n,senior citizen ticket,x1,-,dollar,10,-,-,
70,0,2,n,regular ticket,x2,-,dollar,15,-,-,
73,0,0,y,-,-,mile,hour,-,mile,2100,n
73,0,1,n,-,325,mile,hour,x1,-,-,n
73,0,2,n,-,275,mile,hour,x1,-,-,n
-,-,-,-,-,-,-,-,-,-,-,-
76,0,0,y,copy,400,copy,-,-,dollar,22.5,y
76,0,1,n,color copy,x1,-,cent,10,-,-,y
76,0,2,n,white copy,x2,-,cent,5,-,-,y
78,0,0,y,souvenir,1000,souvenir,-,-,dollar,220,y
78,0,1,n,20 cent souvenier,x1,souvenir,cent,20,-,-,y
78,0,2,n,25 cent souvenier,x2,souvenir,cent,25,-,-,y
79,0,0,y,ticket,193,ticket,-,-,dollar,206.5,y
79,0,1,n,student ticket,x1,ticket,dollar,0.5,-,-,y
79,0,2,n,non-student ticket,x2,ticket,dollar,1.5,-,-,y
80,0,0,y,washer and a dryer,600,dollar,-,-,-,-,n
80,0,1,n,washer,3*x1,dollar,-,-,-,-,n
80,0,2,n,dryer,x1,dollar,-,-,-,-,n
81,0,0,y,ticket,605,ticket,-,-,dollar,"8, 390.00",y
81,0,1,n,adult,x1,adult ticket,dollar,14,-,-,y
81,0,2,n,student,x2,student ticket,dollar,12,-,-,y
88,0,0,y,72 % solution,20,liter,%,72,-,-,y
88,0,1,n,60 % acid solution,x1,-,%,60,-,-,y
88,0,2,n,75 % acid solution,x2,-,%,75,-,-,y
89,0,0,y,model,-,-,-,-,"[hour, dollar]","[5800, 12, 600]",y
89,0,1,n,model a,x1,-,"[hour, dollar]","[4, 8]",-,-,y
89,0,2,n,model b,x2,-,"[hour, dollar]","[3, 7]",-,-,y
92,0,0,y,order,26,order,-,-,dollar,133.5,y
92,0,1,n,catfish dinner,x1,order,dollar,6,-,-,y
92,0,2,n,popcorn shrimp,x2,order,dollar,3.5,-,-,y
93,0,0,y,-,-,-,-,-,dollar,405,n
93,0,1,n,child,x1+20,-,dollar,4.5,-,-,n
93,0,2,n,adult,x1+20,-,dollar,6.75,-,-,n
95,0,0,y,bill,15,bill,-,-,dollar,390,y
95,0,1,n,20-dollar bill,x1,bill,dollar,20,-,-,y
95,0,2,n,50-dollar bill,x2,bill,dollar,50,-,-,y
96,0,0,y,ticket,900,ticket,-,-,dollar,"9, 780",y
96,0,1,n,balcony seat,x1,-,dollar,10,-,-,y
96,0,2,n,floor seat,x2,-,dollar,12,-,-,y
97,0,0,y,ticket,900,ticket,-,-,dollar,"5, 100",y
97,0,1,n,adult ticket,x1,-,dollar,7,-,-,y
97,0,2,n,child ticket,x2,-,dollar,4,-,-,y
98,0,0,y,-,-,-,-,-,dollar,55.4,y
98,0,1,n,paper clip,15,box,dollar,x1,-,-,y
98,0,2,n,index card,7,package,dollar,x2,-,-,y
98,1,0,y,-,-,-,-,-,dollar,61.7,y
98,1,1,n,paper clip,12,box,dollar,x1,-,-,y
98,1,2,n,index card,10,package,dollar,x2,-,-,y
101,0,0,y,40 % solution,30,ounce,% acid solution,40,-,-,y
101,0,1,n,25 % acid solution,x1,-,% acid solution,25,-,-,y
101,0,2,n,50 % acid solution,x2,-,% acid solution,50,-,-,y
102,0,0,y,dress,200,dress,-,-,-,-,n
102,0,1,n,red dress,x1,-,-,-,-,-,n
102,0,2,n,blue dress,x1 + 34,-,-,-,-,-,n
103,0,0,y,2.50 dollar per kilogram,20,dollar,2.5,-,-,-,y
103,0,1,n,4.00 dollar per kilogram,x1,dollar,4,-,-,-,y
103,0,2,n,2.00 dollar per kilogram,x2,dollar,2,-,-,-,y
105,0,0,y,violin,7,violin,-,-,dollar,1600,y
105,0,1,n,200-dollar violin,x1,violin,dollar,200,-,-,y
105,0,2,n,300-dollar violin,x2,violin,dollar,300,-,-,y
106,0,0,y,-,-,-,-,-,dollar,x2,y
106,0,1,n,daily rate,1,day,dollar,17.99,-,-,y
106,0,2,n,-,x1,mile,dollar,0.18,-,-,y
106,1,0,y,-,-,-,-,-,dollar,x2,y
106,1,1,n,daily rate,1,day,dollar,18.95,-,-,y
106,1,2,n,-,x1,mile,dollar,0.16,-,-,y
108,0,0,y,profit,"3, 635, 000",dollar,-,-,-,-,n
108,0,1,n,first half,"x1+2, 750, 000",dollar,-,-,-,-,n
108,0,2,n,second half,x1,dollar,-,-,-,-,n
109,0,0,y,-,-,-,-,-,mile,24,n
109,0,1,n,travel,4,hour,mile,x1 + x2,-,-,n
109,0,2,n,return,6,hour,mile,x1 - x2,-,-,n
110,0,0,y,-,"3, 000",dollar,,,dollar,256,y
110,0,1,n,-,x1,-,percent interest,10,-,-,y
110,0,2,n,-,x2,-,percent interest,8,-,-,y
111,0,0,y,-,-,-,-,-,dollar,6600,n
111,0,1,n,similar table,2,-,dollar,x1 + 500,-,-,n
111,0,2,n,similar chair,6,-,dollar,x1,-,-,n
114,0,0,y,cover,1,-,-,-,dollar,980,n
114,0,1,n,hourly rate,x1,hour,dollar,28,-,-,n
114,0,2,n,material,1,,dollar,560,-,-,n
115,0,0,y,people,22,ticket,-,-,dollar,50,y
115,0,1,n,child,x1,adult ticket,dollar,8,-,-,y
115,0,2,n,adult,x2,child ticket,dollar,1,-,-,y
116,0,0,y,3 muffin and a bottle of juice,,-,-,-,dollar,3.7,n
116,0,1,n,muffin,3,-,dollar,x1,-,-,n
116,0,2,n,juice,1,-,dollar,1.45,-,-,n
118,0,0,n,tallest player,-,-,-,-,-,-,n
118,0,1,n,shortest player,-,-,-,-,-,-,n
120,0,0,y,boy and girl,36,-,-,-,-,-,n
120,0,1,n,boy,2*x1 + 12,-,-,-,-,-,n
120,0,2,n,girl,x1,-,-,-,-,-,n
121,0,0,y,-,1,probability,-,-,-,-,n
121,0,1,n,play,9*x1,probability,-,-,-,-,n
121,0,2,n,do not play,x1,probability,-,-,-,-,n
122,0,0,y,-,-,-,-,-,dollar,1,y
122,0,1,n,apple,4,-,dollar,x1,-,-,y
122,0,2,n,orange,2,-,dollar,x2,-,-,y
122,1,0,y,-,-,-,-,-,dollar,0.7,y
122,1,1,n,apple,2,-,dollar,x1,-,-,y
122,1,2,n,orange,3,-,dollar,x2,-,-,y
123,0,0,y,washer-dryer,-,-,-,-,dollar,"1, 200",n
123,0,1,n,washer,-,-,dollar,220 + x1,-,-,n
123,0,2,n,dryer,-,-,dollar,x1,-,-,n
125,0,0,y,sum,105,-,-,-,-,-,n
125,0,1,n,riza,x1+25,-,-,-,-,-,n
125,0,2,n,son,x1,-,-,-,-,-,n
127,0,0,y,world grain demand,x1,metric ton,-,0.75,metric ton,1800000,n
128,0,0,y,10 % orange juice,25,liter,% orange juice,10,-,-,y
128,0,1,n,5 % orange juice,x1,liter,% orange juice,5,-,-,y
128,0,2,n,30 % orange juice,x2,liter,% orange juice,30,-,-,y
129,0,0,y,-,-,-,-,-,kilometer,252,n
129,0,1,n,one speed,2,hour,-,-,-,-,n
129,0,2,n,another speed,3,hour,-,-,-,-,n
129,1,0,y,-,-,-,-,-,kilometer,244,n
129,1,1,n,one speed,4,hour,-,-,-,-,n
129,1,2,n,another speed,1,hour,-,-,-,-,n
130,0,0,y,-,-,-,-,-,dollar,x2,n
130,0,1,n,base salary,1,-,dollar,1600,-,-,n
130,0,2,n,commission,x1,dollar,%,4,-,-,n
130,1,0,y,-,-,-,-,-,dollar,x2,n
130,1,1,n,monthly salary,1,month,dollar,1800,-,-,n
133,0,0,n,cranberry juice,12,ounce,cent,x1,cent,84,
,,,,,,,,,,,
,,,,,,,,,,,
135,0,0,y,-,"18, 000",dollar,-,-,dollar,660,y
135,0,1,n,3 %,x1,-,%,3,-,-,y
135,0,2,n,5 %,x2,-,%,5,-,-,y
136,0,0,y,jane and jill,32,doll,-,-,-,-,n
136,0,1,n,jane,x1+6,doll,-,-,-,-,n
136,0,2,n,jill,x1+6,doll,-,-,-,-,n
137,0,0,y,-,-,-,-,-,mile,1625,n
137,0,1,n,-,400,mile,hour,x1,-,-,n
137,0,2,n,-,250,mile,hour,x1,-,-,n
138,0,0,y,shot,11,shot,-,-,point,26,y
138,0,1,n,3-point shot,x1,shot,point,3,-,-,y
138,0,2,n,2-point shot,x2,shot,point,2,-,-,y
140,0,0,y,-,-,-,-,-,dollar,127.92,y
140,0,1,n,new compact disk,6,-,-,,-,-,y
140,0,2,n,used compact disk,2,-,-,,-,-,y
140,1,0,y,-,-,-,-,-,dollar,133.89,y
140,1,1,n,new compact disk,3,-,-,,-,-,y
140,1,2,n,used compact disk,8,-,-,,-,-,y
143,0,0,y,saving account,-,-,-,,dollar,500,n
143,0,1,n,initial deposit,1,-,dollar,177,-,-,n
143,0,2,n,-,19,week,dollar,x1,-,-,n
,,,,,,,,,,,
144,0,0,y,first agency,-,-,-,-,dollar,x2,n
144,0,1,n,-,1,day,dollar,20.25,-,-,n
144,0,2,n,-,x1,mile,dollar,0.14,-,-,n
144,1,0,y,second agency,-,-,-,-,dollar,x2,n
144,1,1,n,-,1,day,dollar,18.25,-,-,n
144,1,2,n,-,x1,mile,dollar,0.22,-,-,n
145,0,0,y,ticket,2000,ticket,-,-,dollar,"17, 339",y
145,0,1,n,student ticket,x1,-,dollar,7,-,-,y
145,0,2,n,non-student ticket,x2,-,dollar,10,-,-,y
147,0,0,y,-,"318, 338",dollar,-,-,dollar,"14, 762",y
147,0,1,n,first loan,x1,-,%,2.4,-,-,y
147,0,2,n,second loan,x2,-,%,4.7,-,-,y
149,0,0,y,-,8000,dollar,-,-,dollar,575,y
149,0,1,n,-,x1,-,%,8.5,-,-,y
149,0,2,n,-,x2,-,%,6.4,-,-,y
150,0,0,y,seat,200,seat,-,-,dollar,510,y
150,0,1,n,adult,x1,seat,dollar,3,-,-,y
150,0,2,n,child,x2,seat,dollar,1.5,-,-,y
151,0,0,y,book,-,book,-,-,dollar,490,n
151,0,1,n,thursday,23,book,-,x1,-,-,n
151,0,2,n,friday,35,book,-,x1-0.5,-,-,n
152,0,0,y,mechanic,-,-,-,-,dollar,450,n
152,0,1,n,-,x1,hour,dollar,45,-,-,n
152,0,2,n,part,1,-,dollar,225,-,-,n
154,0,0,y,board,22,foot,-,-,-,-,n
154,0,1,n,-,1+x1,foot,-,-,-,-,n
154,0,2,n,shorter piece,x1,foot,-,-,-,-,n
155,0,0,y,-,-,mile,hour,5,mile,2000,n
155,0,1,n,-,x1,mile,hour,5,-,-,n
155,0,2,n,-,x1 + 40,mile,hour,5,-,-,n
157,0,0,y,-,-,-,-,-,dollar,7.9,y
157,0,1,n,rose,4,-,dollar,x1,-,-,y
157,0,2,n,daisy,5,-,dollar,x2,-,-,y
157,1,0,y,-,-,-,-,-,dollar,5.7,y
157,1,1,n,rose,2,-,dollar,x1,-,-,y
157,1,2,n,daisy,6,-,dollar,x2,-,-,y
158,0,0,y,17 % protein,360,pound,% protein,17,-,-,y
158,0,1,n,18 % protein,x1,pound,% protein,18,-,-,y
158,0,2,n,9 % protein,x2,pound,% protein,9,-,-,y
160,0,0,y,question,82,-,-,-,score,67,y
160,0,1,n,correct answer,x1,-,point,1,-,-,y
160,0,2,n,incorrect answer,x2,-,point,0.25,-,-,y
162,0,0,y,-,120,-,-,-,-,-,n
162,0,1,n,adult,x1,-,-,-,-,-,n
162,0,2,n,child,2*x1,-,-,-,-,-,n
163,0,0,y,plane,1,hour,gallon,9.5,-,-,n
163,0,1,n,tank,x1,-,gallon,6.3333,-,-,n
165,0,0,y,-,"196, 554",vote,-,-,-,-,n
165,0,1,n,jerry weller," 20, 196 + x1",vote,-,-,-,-,n
165,0,2,n,john pavich,x1,vote,-,-,-,-,n
166,0,0,y,-,1000,quart,%,4,-,-,y
166,0,1,n,-,x1,-,%,3,-,-,y
166,0,2,n,-,x2,-,%,23,-,-,y
168,0,0,y,rainstorm,45,hour,-,-,milliliter,975,y
168,0,1,n,first storm,x1,hour,milliliter,30,-,-,y
168,0,2,n,second storm,x2,hour,milliliter,15,-,-,y
169,0,0,y,people,96,-,-,-,-,-,n
169,0,1,n,girl,5*x1,-,-,-,-,-,n
169,0,2,n,boy,x1,-,-,-,-,-,n
171,0,0,y,coin,180,coin,-,-,dollar,260,y
171,0,1,n,1-dollar coin,x1,-,dollar,1,-,-,y
171,0,2,n,2-dollar coin,x2,-,dollar,2,-,-,y
,,,,,,,,,,,
,,,,,,,,,,,
177,0,0,y,people,586,-,-,-,dollar,9423.7,y
177,0,1,n,resident,x1,-,dollar,12.95,-,-,y
177,0,2,n,non-resident,x2,-,dollar,17.95,-,-,y
178,0,0,y,part,59,part,-,-,dollar,2380,y
178,0,1,n,50-dollar part,x1,-,dollar,50,-,-,y
178,0,2,n,20-dollar part,x2,-,dollar,20,-,-,y
179,0,0,y,first plan,-,-,-,-,-,-,n
179,0,1,n,initial fee,1,-,dollar,65,-,-,n
179,0,2,n,additional cost,x1,mile,dollar,0.4,-,-,n
179,1,0,y,second plan,-,-,-,-,-,-,n
179,1,1,n,initial fee,1,-,dollar,0,-,-,n
179,1,2,n,additional cost,x1,mile,dollar,0.6,-,-,n
181,0,0,y,-,100,liter,% acid,18,-,-,y
181,0,1,n,-,x1,liter,% acid,15,-,-,y
181,0,2,n,-,x2,liter,% acid,25,-,-,y
182,0,0,y,student,27,-,-,-,-,-,n
182,0,1,n,girl,x1-5,-,-,-,-,-,n
182,0,2,n,boy,x1,-,-,-,-,-,n
183,0,0,y,game,57,game,-,-,-,-,n
183,0,1,n,win,x1,game,-,-,-,-,n
183,0,2,n,lose,x1 + 21,game,-,-,-,-,n
185,0,0,y,work-station,-,-,-,-,student,38,y
185,0,1,n,2 student,x1,-,student,2,-,-,y
185,0,2,n,3 student,x2,-,student,3,-,-,y
187,0,0,y,bricklayer and a electrician,90,hour,-,-,dollar,1350,y
187,0,1,n,bricklayer,x1,hour,dollar,12,-,-,y
187,0,2,n,electrician,x2,hour,dollar,16,-,-,y
188,0,0,y,ticket,7400,ticket,-,-,dollar,"191, 000",y
188,0,1,n,20-dollar ticket,x1,ticket,dollar,20,-,-,y
188,0,2,n,30-dollar ticket,x2,ticket,dollar,30,-,-,y
189,0,0,y,truck and trailer,-,-,-,-,pound,"7, 000",n
189,0,1,n,truck,-,-,pound,x1,-,-,n
189,0,2,n,trailer,-,-,pound,0.5 *x1 -200,-,-,n
191,0,0,y,ticket,750,people,-,-,dollar,1706.25,y
191,0,1,n,before the rally,x1,-,dollar,2,-,-,y
191,0,2,n,door,x2,-,dollar,2.75,-,-,y
193,0,0,y,ticket,42,ticket,-,-,dollar,178,y
193,0,1,n,adult ticket,x1,-,dollar,5,-,-,y
193,0,2,n,child ticket,x2,-,dollar,3,-,-,y
194,0,0,y,animal,15,animals,-,-,leg,48,n
194,0,1,n,goat,x1,-,-,-,-,-,n
194,0,2,n,duck,x2,-,-,-,-,-,n
195,0,0,y,people,31,-,-,-,dollar,3952,y
195,0,1,n,heavy operator,x1,-,dollar,129,-,-,y
195,0,2,n,general laborer,x2,-,dollar,82,-,-,y
197,0,0,y,pumpkin,80,pumpkin,-,-,dollar,395,y
197,0,1,n,jumbo pumpkin,x1,-,dollar,9,-,-,y
197,0,2,n,regular pumpkin,x2,-,dollar,4,-,-,y
198,0,0,y,seat,387,seat,-,-,-,-,n
198,0,1,n,first-class seat,x1,seat,-,-,-,-,n
198,0,2,n,coach class seat,4*x1 + 2,seat,-,-,-,-,n
202,0,0,y,stock,-,-,-,-,dollar,2106,n
202,0,1,n,valuable stock,14,share,-,2*x1,-,-,n
202,0,2,n,other stock,26,share,-,x1,-,-,n
203,0,0,y,people,754,-,-,-,dollar,1422,y
203,0,1,n,child,x1,-,dollar,1.5,-,-,y
203,0,2,n,adult,x2,-,dollar,2.25,-,-,y
204,0,0,y,-,-,-,-,-,dollar,12,y
204,0,1,n,bagel bag,2,-,dollar,,-,-,y
204,0,2,n,cream cheese package,3,-,dollar,,-,-,y
204,1,0,y,-,-,-,-,-,dollar,14,y
204,1,1,n,bagel bag,4,-,dollar,,-,-,y
204,1,2,n,cream cheese package,2,-,dollar,,-,-,y
205,0,0,y,coin,50,coin,-,-,dollar,3.5,y
205,0,1,n,nickel,x1,-,-,-,-,-,y
205,0,2,n,dime,x2,-,-,-,-,-,y
206,0,0,y,girl and boy,41,-,-,-,-,-,n
206,0,1,n,girl,x1,-,-,-,-,-,n
206,0,2,n,boy,x2,-,-,-,-,-,n
207,0,0,y,automobile,5,hour,-,-,kilometer,600,n
207,0,1,n,west,5,hour,kilometer,x1,-,-,n
207,0,2,n,east,5,hour,kilometer,x1 + 10,-,-,n
208,0,0,y,-,55,gallon,percent antifreeze,20,-,-,y
208,0,1,n,-,x1,gallon,percent antifreeze,10,-,-,y
208,0,2,n,-,x2,gallon,percent antifreeze,100,-,-,y
210,0,0,y,moviegoer,7,-,-,-,dollar,,y
210,0,1,n,adult,x1,-,dollar,9.5,-,-,y
210,0,2,n,child,x2,-,dollar,6.5,-,-,y
211,0,0,y,kid,24,-,-,-,-,-,n
211,0,1,n,girl,2*x1,-,-,-,-,-,n
211,0,2,n,boy,x2,-,-,-,-,-,n
212,0,0,y,ticket,800,ticket,-,-,dollar,"16, 640",y
212,0,1,n,advanced ticket,x1,-,dollar,14.5,-,-,y
212,0,2,n,ticket at the door,x2,-,dollar,22,-,-,y
216,0,0,y,-,-,-,-,-,dollar,12.02,n
216,0,1,n,monthly fee,1,month,dollar,5,-,-,n
216,0,2,n,-,x1,minute,cent,25,-,-,n
217,0,0,y,corn and wheat,4500,arce,-,-,dollar,"165, 200",y
217,0,1,n,corn,x1,arce,dollar,42,-,-,y
217,0,2,n,wheat,x2,arce,dollar,35,-,-,y
218,0,0,y,car and truck,69,-,-,-,-,-,n
218,0,1,n,car,27 + x1,-,-,-,-,-,n
218,0,2,n,truck,x1,-,-,-,-,-,n
219,0,0,y,ticket,821,ticket,-,-,dollar,1933,y
219,0,1,n,student,x1,student ticket,dollar,2,-,-,y
219,0,2,n,nonstudent,x2,-,dollar,,-,-,y
220,0,0,y,note,13,note,-,-,dollar,155,y
220,0,1,n,5-dollar note,x1,-,dollar,5,-,-,y
220,0,2,n,20-dollar note,x2,-,dollar,20,-,-,y
221,0,0,y,flow,1,minute,gallon,2,-,-,n
221,0,1,n,original flow,1,minute,gallon,x1 * 0.6 -1,-,-,n
,,,,,,,,,,,
223,0,0,y,animal,13,animal,-,-,leg,40,n
223,0,1,n,chicken,x1,-,-,-,-,-,n
223,0,2,n,pig,x2,-,-,-,-,-,n
224,0,0,y,daily budget,-,-,-,-,dollar,88,n
224,0,1,n,-,1,day,dollar,50,-,-,n
224,0,2,n,-,x1,mile,cent,20,-,-,n
225,0,0,y,ticket,200,ticket,-,-,dollar,6080,y
225,0,1,n,36-dollar ticket,x1,-,dollar,36,-,-,y
225,0,2,n,28-dollar ticket,x2,-,dollar,28,-,-,y
226,0,0,y,unit,12,unit,-,-,dollar,4950,y
226,0,1,n,1 bedroom,x1,unit,dollar,360,-,-,y
226,0,2,n,2 bedroom,x2,unti,dollar,450,-,-,y
228,0,0,y,day,25,day,-,-,dollar,450,y
228,0,1,n,work,x1,day,dollar,20,-,-,y
228,0,2,n,idle,x2,day,dollar,5,-,-,y
230,0,0,y,question,16,-,-,-,point,162,y
230,0,1,n,multiple choice question,x1,-,point,9,-,-,y
230,0,2,n,essay question,x2,-,point,12,-,-,y
232,0,0,y,-,"22, 000",dollar,-,-,dollar,"1, 710",y
232,0,1,n,8 %,x1,-,%,8,-,-,y
232,0,2,n,7 %,x2,-,%,7,-,-,y
236,0,0,y,ticket,225,ticket,-,-,dollar,1875,y
236,0,1,n,adult,x1,-,dollar,9,-,-,y
236,0,2,n,child,x2,-,dollar,6,-,-,y
237,0,0,y,coin,30,-,-,-,dollar,1.9,y
237,0,1,n,nickel,x1,-,-,-,-,-,y
237,0,2,n,dime,x2,-,-,-,-,-,y
239,0,0,y,-,-,-,-,-,dollar,213,y
239,0,1,n,duck,6,-,dollar,x1,-,-,y
239,0,2,n,pig,5,-,dollar,x2,-,-,y
239,1,0,y,-,-,-,-,-,dollar,269,y
239,1,1,n,duck,2,-,dollar,x1,-,-,y
239,1,2,n,pig,9,-,dollar,x2,-,-,y
241,0,0,y,first shipment,-,-,-,-,dollar,800,y
241,0,1,n,identical sweater,10,-,dollar,x1,-,-,y
241,0,2,n,identical jacket,20,-,dollar,x2,-,-,y
241,1,0,y,first shipment,-,-,-,-,dollar,550,y
241,1,1,n,identical sweater,5,-,dollar,x1,-,-,y
241,1,2,n,identical jacket,15,-,dollar,x2,-,-,y
242,0,0,y,student,466,-,-,-,-,-,n
242,0,1,n,girl,212 + x1,-,-,-,-,-,n
242,0,2,n,boy,x2,-,-,-,-,-,n
,,,,,,,,,,,
245,0,0,y,-,8800,dollar,-,-,dollar,1326,y
245,0,1,n,-,x1,-,%,16,-,-,y
245,0,2,n,-,x2,-,%,14,-,-,y
246,0,0,y,with a tail wind,4,hour,-,-,mile,2000,n
246,0,1,n,against the same wind,5,hour,-,-,mile,2000,n
246,0,2,n,wind,x1,hour,mile,x2,-,-,n
247,0,0,y,-,-,-,-,-,dollar,x2,n
247,0,1,n,-,1,-,dollar,4100,-,-,n
247,0,2,n,-,x1,week,dollar,10,-,-,n
247,1,0,y,-,-,-,-,-,dollar,x2,n
247,1,1,n,-,x1,week,dollar,1015,-,-,n
249,0,0,y,,66,-,-,-,-,-,n
249,0,1,n,smaller part,x1,-,-,-,-,-,n
249,0,2,n,larger part,(0.4*x1 + 10)*0.625,-,-,-,-,-,n
250,0,0,y,snooker lumber,-,-,-,-,dollar,18360,n
250,0,1,n,plywood,3*x1,unit,dollar,50,-,-,n
250,0,2,n,lumber,x1,unit,dollar,30,-,-,n
251,0,0,y,car,11,hour,-,x1,kilometer,715,n
252,0,0,y,-,-,-,-,-,dollar,85,n
252,0,1,n,material,20,candle,-,-,dollar,20,n
252,0,2,n,candle,x1,candle,dollar,15,-,-,n
254,0,0,y,bin,30,-,-,-,ton,510,y
254,0,1,n,20 ton bin,x1,-,ton,20,-,-,y
254,0,2,n,15 ton bin,x2,-,ton,15,-,-,y
256,0,0,y,-,380,ticket,-,-,dollar,1972.5,y
256,0,1,n,-,x1,-,dollar,4.5,-,-,y
256,0,2,n,-,x2,-,dollar,6,-,-,y
257,0,0,y,ticket,522,ticket,-,-,dollar,5086,y
257,0,1,n,adult ticket,x1,-,dollar,15,-,-,y
257,0,2,n,child ticket,x2,-,dollar,8,-,-,y
258,0,0,y,-,-,-,-,-,kilometer,390,n
258,0,1,n,freight train,3,hour,kilometer,x1-30,-,-,n
258,0,2,n,express train,3,hour,kilometer,x1,-,-,n
259,0,0,y,gross pay,-,-,dollar,450,-,-,n
259,0,1,n,net pay,-,-,dollar,315,-,-,n
259,0,2,n,tax,-,-,dollar,x1,-,-,n
260,0,0,y,dougla fir and ponderosa pine tree,850,-,-,-,dollar,"217, 500",y
260,0,1,n,dougla fir,x1,-,dollar,300,-,-,y
260,0,2,n,ponderosa pine tree,x2,-,dollar,250,-,-,y
261,0,0,y,-,6,hour,-,-,gallon,1325,y
261,0,1,n,-,x1,hour,gallon,180,-,-,y
261,0,2,n,-,x2,hour,gallon,250,-,-,y
263,0,0,y,account,"9, 000",dollar,-,-,dollar,678.87,y
263,0,1,n,-,x1,-,% annual interest,6.5,-,-,y
263,0,2,n,-,x2,-,% annual interest,8,-,-,y
264,0,0,y,peach and a apple,70,cents,-,-,-,-,n
264,0,1,n,peach,x1 + 60,cents,-,-,-,-,n
264,0,2,n,apple,x1,cents,-,-,-,-,n
265,0,0,y,question,30,question,-,-,point,325,y
265,0,1,n,correct answer,x1,-,point,20,-,-,y
265,0,2,n,incorrect,x2,-,point,5,-,-,y
266,0,0,y,coin,50,coin,-,-,dollar,4.55,y
266,0,1,n,nickel,x1,-,-,-,-,-,y
266,0,2,n,dime,x2,-,-,-,-,-,y
267,0,0,y,lollipop,120,lollipop,dollar,x1,dollar,90,n
268,0,0,y,-,10,liter,% saline solution,18,-,-,y
268,0,1,n,-,x1,liter,% saline solution,25,-,-,y
268,0,2,n,-,x2,liter,% saline solution,5,-,-,y
269,0,0,y,ticket,240,ticket,-,-,dollar,765,y
269,0,1,n,adult ticket,x1,-,dollar,4,-,-,y
269,0,2,n,student ticket,x2,-,dollar,2.5,-,-,y
271,0,0,y,bin,30,bin,-,-,ton,510,y
271,0,1,n,15 ton bin,x1,-,ton,15,-,-,y
271,0,2,n,20 ton bin,x2,-,ton,20,-,-,y
272,0,0,y,gift card,1,-,-,-,dollar,70,n
272,0,1,n,-,1,-,dollar,35.68,-,-,n
272,0,2,n,coffee,x1,pound,dollar,8.58,-,-,n
274,0,1,n,ticket,x1,ride,dollar,0.75,dollar,x2,n
274,0,2,n,armband,1,-,dollar,15,dollar,x2,n
314,0,0,y,-,-,-,-,-,dollar,2,y
314,0,1,n,pencil,4,-,dollar,,-,-,y
314,0,2,n,pen,5,-,dollar,,-,-,y
314,1,0,y,-,-,-,-,-,dollar,1.58,y
314,1,1,n,pencil,3,-,dollar,,-,-,y
314,1,2,n,pen,4,-,dollar,,-,-,y
322,0,0,y,rainstorm,-,-,-,-,milliliter,1800,y
322,0,1,n,first storm,x1,milliliter,hour,20,-,-,y
322,0,2,n,second storm,x2,milliliter,hour,40,-,-,y
329,0,0,y,table,36,table,-,-,leg,124,y
329,0,1,n,4 leg table,x1,table,leg,4,-,-,y
329,0,2,n,3 leg table,x2,table,leg,3,-,-,y
332,0,0,y,Shoe,66,shoe,-,-,-,-,n
332,0,1,n,black shoe,2*x1,-,-,-,-,-,n
332,0,2,n,brown shoe,x1,-,-,-,-,-,n
341,0,0,y,ticket,60,ticket,-,-,-,6,y
341,0,1,n,advance ticket,x1,-,-,20,-,-,y
341,0,2,n,same-day ticket,x2,-,-,30,-,-,y
343,0,0,y,car,15,car,-,-,people,72,y
343,0,1,n,4 passenger car,x1,car,people,4,-,-,y
343,0,2,n,6 passenger car,x2,car,people,6,-,-,y
353,0,0,y,two point basket and three point basket,20,-,-,-,point,43,y
353,0,1,n,two point basket,x1,-,point,2,-,-,y
353,0,2,n,three point basket,x2,-,point,3,-,-,y
372,0,0,y,fund,127,dollar,-,-,-,-,n
372,0,1,n,class a,0.6667*x1-7,-,-,-,-,-,n
372,0,2,n,class b,x1,-,-,-,-,-,n
389,0,0,y,people,201,-,-,-,dollar,964,y
389,0,1,n,adult,x1,-,dollar,8,-,-,y
389,0,2,n,child,x2,-,dollar,4,-,-,y
396,0,0,y,-,-,-,-,-,dollar,840,y
396,0,1,n,mp3 player,5,-,-,,-,-,y
396,0,2,n,headphone set,8,-,-,,-,-,y
396,1,0,y,-,-,-,-,-,dollar,480,y
396,1,1,n,mp3 player,3,-,-,,-,-,y
396,1,2,n,headphone set,4,-,-,,-,-,y
399,0,0,y,-,-,-,-,-,dollar,791.5,y
399,0,1,n,bath towel,38,-,dollar,x1,-,-,y
399,0,2,n,washcloth,61,-,dollar,x2,-,-,y
399,1,0,y,-,-,-,-,-,dollar,923,y
399,1,1,n,bath towel,54,-,dollar,x1,-,-,y
399,1,2,n,washcloth,50,-,dollar,x2,-,-,y
401,0,0,y,car,55,gallon,-,-,mile,1825,y
401,0,1,n,first car,x1,gallon,mile,25,-,-,y
401,0,2,n,second car,x2,gallon,mile,40,-,-,y
405,0,0,y,-,"33, 000",dollar,-,-,dollar,970,y
405,0,1,n,-,x1,-,%,4,-,-,y
405,0,2,n,-,x2,-,%,2.25,-,-,y
407,0,0,y,democrat and republican,99,-,-,-,-,-,n
407,0,1,n,democrat,x1,-,-,-,-,-,n
407,0,2,n,republican,x1+11,-,-,-,-,-,n
411,0,0,y,ticket,510,ticket,-,-,dollar,8748,y
411,0,1,n,senior citizen,x1,senior citizen ticket,dollar,21,-,-,y
411,0,2,n,adult,x2,-,dollar,15,-,-,y
416,0,0,y,ticket,175,ticket,-,-,dollar,750,y
416,0,1,n,adult,x1,-,dollar,6,-,-,y
416,0,2,n,kid,x2,kid ticket,dollar,2,-,-,y
417,0,0,y,dinner,250,-,-,-,dollar,1347.5,y
417,0,1,n,adult plate,x1,-,dollar,7,-,-,y
417,0,2,n,child plate,x2,-,dollar,3.5,-,-,y
418,0,0,y,-,-,-,-,-,dollar,"1, 200",y
418,0,1,n,thermometer,x1,-,dollar,2,-,-,y
418,0,2,n,and hot-water bottle,x2,-,dollar,6,-,-,y
419,0,0,y,45 % acid solution,60,liter,% acid solution,45,-,-,y
419,0,1,n,40 % acid solution,x1,-,% acid solution,40,-,-,y
419,0,2,n,55 % acid solution,x2,-,% acid solution,55,-,-,y
422,0,0,y,,59,ticket,-,-,dollar,222.5,y
422,0,1,n,adult,x1,-,dollar,24,-,-,y
422,0,2,n,student,x2,student ticket,dollar,2.5,-,-,y
426,0,0,y,coin,36,coin,-,-,dollar,3.1,y
426,0,1,n,nickel,x1,-,-,--,-,-,y
426,0,2,n,dime,x2,-,-,-,-,-,y
428,0,0,y,-,1800,milliliter,% sugar solution,60,-,-,y
428,0,1,n,-,x1,milliliter,% sugar solution,40,-,-,y
428,0,2,n,-,x2,milliliter,% sugar solution,85,-,-,y
429,0,0,y,jacket,,jacket,-,-,dollar,5108.3,y
429,0,1,n,-,x1,jacket,dollar,31.95,-,-,y
429,0,2,n,-,x2,jacket,dollar,18.95,-,-,y
434,0,0,y,,"1, 500",ticket,-,-,dollar,"16, 200",y
434,0,1,n,adult,x1,-,dollar,12,-,-,y
434,0,2,n,student,x2,-,dollar,6,-,-,y
438,0,0,y,postcard,30,postcard,-,-,-,-,n
438,0,1,n,large postcard,4*x1,postcard,-,-,-,-,n
438,0,2,n,small postcard,x1,postcard,-,-,-,-,n
440,0,0,y,-,-,-,-,-,dollar,70.93,n
440,0,1,n,pair of pants,1,-,dollar,x1,-,-,n
440,0,2,n,belt,1,-,dollar,x1 - 2.93,-,-,n
442,0,0,y,coin,150,coin,-,-,-,-,n
442,0,1,n,nickel,x1,-,-,-,-,-,n
442,0,2,n,dime,x1+12,-,-,-,-,-,n
448,0,0,y,animal,21,-,-,-,leg,56,n
448,0,1,n,chicken,x1,-,-,-,-,-,n
448,0,2,n,sheep,x2,-,-,-,-,-,n
449,0,0,y,-,-,-,-,-,dollar,10,y
449,0,1,n,hamburger,3,-,dollar,x1,-,-,y
449,0,2,n,hot dog,4,-,dollar,x2,,,y
449,1,0,y,-,-,-,-,-,dollar,7,y
449,1,1,n,hamburger,2,-,dollar,x1,-,-,y
449,1,2,n,hot dog,3,-,dollar,x2,-,-,y
450,0,0,y,seat,-,-,-,-,dollar,"84, 500",n
450,0,1,n,balcony seat,500,seat,dollar,x1-15,-,-,n
450,0,2,n,main-level seat,1800,seat,dollar,x1,-,-,n
451,0,0,y,-,150,liter,% base,62,-,-,y
451,0,1,n,-,x1,-,% base,80,-,-,y
451,0,2,n,-,x2,-,% base,30,-,-,y
452,0,0,y,-,"12, 000",dollar,-,-,dollar,970,y
452,0,1,n,-,x1,-,%,7,-,-,y
452,0,2,n,-,x2,-,%,9,-,-,y
454,0,0,y,-,24,liter,% acid,4,-,-,y
454,0,1,n,-,x1,liter,% acid,2,-,-,y
454,0,2,n,-,x2,liter,% acid,5,-,-,y
455,0,0,y,people,676,-,-,-,-,-,n
455,0,1,n,hiker,x1 + 178,-,-,-,-,-,n
455,0,2,n,biker,x1,-,-,-,-,-,n
457,0,0,y,student,35,-,-,-,-,-,n
457,0,1,n,girl,0.4*x1,-,-,-,-,-,n
457,0,2,n,boy,x1,-,-,-,-,-,n
459,0,0,y,wednesday and saturday,"5, 182.50",dollar,-,-,-,-,n
459,0,1,n,wednesday,x1-142.50,dollar,-,-,-,-,n
459,0,2,n,saturday,x1,dollar,-,-,-,-,n
460,0,0,y,-,20,pound,dollar,8.4,-,-,y
460,0,1,n,kenyan french roast,x1,pound,dollar,9,-,-,y
460,0,2,n,sumatran coffee,x2,-,dollar,8,-,-,y
461,0,0,y,-,"20, 000",seat,-,-,dollar,"955, 000",y
461,0,1,n,main seat ticket,x1,main seat,dollar,55,-,-,y
461,0,2,n,back seat ticket,x2,back seat,dollar,45,-,-,y
462,0,0,y,student,485,-,-,-,-,-,n
462,0,1,n,girl,x1 + 69,-,-,-,-,-,n
462,0,2,n,boy,x1,-,-,-,-,-,n
464,0,0,y,job,-,hour,-,-,dollar,416,n
464,0,1,n,office,2*x1,hour,dollar,10,-,-,n
464,0,2,n,tractor,x1,hour,dollar,12,-,-,n
465,0,0,y,-,185,year,-,-,-,-,n
465,0,1,n,bride,x1 + 19,year,-,-,-,-,n
465,0,2,n,groom,x1,year,-,-,-,-,n
467,0,0,y,people,764,-,-,-,fork,2992,y
467,0,1,n,adult,x1,-,fork,5,-,-,y
467,0,2,n,child,x2,-,fork,2,-,-,y
468,0,0,y,cup,500,cup,-,-,dollar,2090,y
468,0,1,n,plastic cup,x1,-,dollar,3.25,-,-,y
468,0,2,n,ceramic cup,x2,-,dollar,4.5,-,-,y
469,0,0,y,car,60,gallon,-,-,mile,1700,y
469,0,1,n,first car,x1,-,mile,30,-,-,y
469,0,2,n,second car,x2,-,mile,25,-,-,y
470,0,0,y,two car combine,-,-,mile,45,mile,1400,y
470,0,1,n,first car,40,gallon,-,x1,-,-,y
470,0,2,n,second car,20,gallon,-,x2,-,-,y
471,0,0,y,people,610,people,-,-,dollar,960,y
471,0,1,n,adult,x1,-,dollar,2,-,-,y
471,0,2,n,child,x2,-,dollar,1,-,-,y
473,0,0,y,-,"12, 000",dollar,-,-,dollar,840,y
473,0,1,n,7.5 %,x1,-,%,7.5,-,-,y
473,0,2,n,6 %,x2,-,%,6,-,-,y
474,0,0,y,game,162,game,-,-,-,-,n
474,0,1,n,win,2*x1 +24,-,-,-,-,-,n
474,0,2,n,lose,x1,-,-,-,-,-,n
480,0,0,y,combined item,17,-,-,-,dollar,130,y
480,0,1,n,purse,x1,-,dollar,7,-,-,y
480,0,2,n,scarf,x2,-,dollar,8,-,-,y
482,0,0,n,wine with a cork,1,bottle,-,-,dollar,2.1,n
482,0,1,n,wine without a cork,1,bottle,-,-,dollar,2,n
484,0,0,y,ticket,366,ticket,-,-,-,-,n
484,0,1,n,student ticket,2*x1,ticket,-,-,-,-,n
484,0,2,n,adult ticket,x1,ticket,-,-,-,-,n
485,0,0,n,width,1,-,meter,24,-,-,n
485,0,1,n,length,1,-,meter,x1,-,-,n
487,0,0,y,rope,60,meter,-,-,-,-,n
487,0,1,n,long piece,2*x1,-,-,-,-,-,n
487,0,2,n,short piece,x1,-,-,-,-,-,n
489,0,0,y,game,-,-,-,-,point,60,n
489,0,1,n,win,x1 + 12,-,point,2,-,-,n
489,0,2,n,lose,x1,-,point,2,-,-,n
492,0,0,y,45 % pure acid,80,square-centimeters,% pure acid,45,-,-,y
492,0,1,n,20 % pure acid,x1,-,% pure acid,20,-,-,y
492,0,2,n,60 % pure acid,x2,-,% pure acid,60,-,-,y
493,0,0,y,5 % hydrogen peroxide solution,300,milliliter,%,5,-,-,y
493,0,1,n,7 % hydrogen peroxide solution,x1,-,%,7,-,-,y
493,0,2,n,4 % hydrogen peroxide solution,x2,-,%,4,-,-,y
495,0,0,y,-,"22, 000",dollar,-,-,dollar,"3, 360",y
495,0,1,n,-,x1,-,%,18,-,-,y
495,0,2,n,-,x2,-,%,14,-,-,y
497,0,0,y,font,21,page,-,-,word,"48, 000",y
497,0,1,n,large font,x1,page,word,"1, 800",-,-,y
497,0,2,n,small font,x2,page,word,"2, 400",-,-,y
499,0,0,y,-,-,ticket,-,-,dollar,1026,n
499,0,1,n,adult,2*x1,ticket,dollar,5.5,-,-,n
499,0,2,n,child,x2,ticket,dollar,2.5,-,-,n
500,0,0,y,democrat and republican,434,-,-,-,-,-,n
500,0,1,n,democrat,x1,-,-,-,-,-,n
500,0,2,n,republican,x1 + 30,-,-,-,-,-,n
502,0,0,y,pipe,177,inch,-,-,-,-,n
502,0,1,n,-,x1,-,-,-,-,-,n
502,0,2,n,-,2*x1,-,-,-,-,-,n
503,0,0,y,card,125,card,-,-,-,-,n
503,0,1,n,baseball card,3*x1+5,-,-,-,-,-,n
503,0,2,n,football card,x1,-,-,-,-,-,n
506,0,0,y,sold-out performance,x1,performance,dollar,"16, 000",-,-,n
506,0,1,n,overhead,1,,dollar,"81, 000",-,-,n
506,0,2,n,production cost,x1,performance,dollar,"7, 000",-,-,n
2,0,0,y,compact disc,10,disc,-,-,dollar,93,y
2,0,1,n,-,x1,-,dollar,10.5,-,-,y
2,0,2,n,-,x2,-,dollar,8.5,-,-,y
4,0,0,y,question,40,question,-,-,point,100,y
4,0,1,n,2 point question,x1,question,point,2,-,-,y
4,0,2,n,4 point question,x2,question,point,4,-,-,y
7,0,0,y,rope,20,foot,-,-,-,-,n
7,0,1,n,shorter piece,x1,foot,-,-,-,-,n
7,0,2,n,longer piece,2*x1 - 4,foot,-,-,-,-,n
8,0,0,y,,234,mile,-,-,-,-,n
8,0,1,n,your house,2*x1,-,-,-,-,-,n
8,0,2,n,your mothers house,x1,-,-,-,-,-,n
9,0,0,y,mix,40,pound,dollar,4.6,-,-,y
9,0,1,n,Peruvian coffee bean,x1,pound,dollar,4.25,-,-,y
9,0,2,n,Colombian coffee bean,x2,pound,dollar,5.5,-,-,y
12,0,0,n,-,1.5,inch,pound,x1,pound,250,n
12,1,0,n,-,3.5,inch,pound,x1,pound,x2,n
20,0,0,y,corn and wheat,500,acre,-,-,dollar,"18, 600",y
20,0,1,n,wheat,x1,acre,dollar,30,-,-,y
20,0,2,n,corn,x2,acre,dollar,42,-,-,y
24,0,0,y,book,9,book,-,-,dollar,56,y
24,0,1,n,6-dollar book,x1,-,dollar,6,-,-,y
24,0,2,n,6.50-dollar book,x2,-,dollar,6.5,-,-,y
26,0,0,y,exercising,250,minute,-,-,-,-,n
26,0,1,n,aerobics,3*x1,minute,-,-,-,-,n
26,0,2,n,weight training,2*x1,minute,-,-,-,-,n
55,0,0,y,ticket,20,ticket,-,-,dollar,60,y
55,0,1,n,student ticket,x1,ticket,dollar,2,-,-,y
55,0,2,n,adult ticket,x2,ticket,dollar,4.5,-,-,y
66,0,0,n,apple,5,pound,dollar,x1,dollar,3.5,n
66,1,0,n,apple,7,pound,dollar,x1,dollar,x1,n
71,0,0,y,tree,-,-,-,-,foot,29,n
71,0,1,n,-,-,-,foot,4,-,-,n
71,0,2,n,-,x1,year,foot,5,-,-,n
72,0,0,y,-,-,-,-,-,dollar,x2,n
72,0,1,n,-,-,-,dollar,41.95,-,-,n
72,0,2,n,-,x1,mile,dollar,0.29,-,-,n
72,1,0,y,-,-,-,-,-,dollar,x2,n
72,1,1,n,-,-,-,dollar,38.95,-,-,n
72,1,2,n,-,x1,mile,dollar,0.31,-,-,n
77,0,0,y,student and professor,"40,000",-,-,-,-,-,n
77,0,1,n,student,x1,-,-,-,-,-,n
77,0,2,n,professor,15*x1,-,-,-,-,-,n
82,0,0,y,fruit,10,pound,-,-,dollar,10,y
82,0,1,n,apple,x1,pound,dollar,0.6,-,-,y
82,0,2,n,grape,x2,pound,dollar,1,-,-,y
90,0,0,y,people,278,ticket,-,-,dollar,792,y
90,0,1,n,child,x1,child ticket,dollar,1.5,-,-,y
90,0,2,n,adult,x2,adult ticket,dollar,4,-,-,y
91,0,0,y,stamp,50,stamp,-,-,dollar,12.6,y
91,0,1,n,post card stamp,x1,stamp,dollar,0.2,-,-,y
91,0,2,n,letter stamp,x2,stamp,dollar,0.33,-,-,y
100,0,0,y,gift wrap,480,roll,-,-,dollar,"2,340",y
100,0,1,n,solid color,x1,roll,dollar,4,-,-,y
100,0,2,n,print gift wrap,x2,roll,dollar,6,-,-,y
112,0,0,y,apple and orange,301,-,-,-,-,-,n
112,0,1,n,apple,27 + x1,-,-,-,-,-,n
112,0,2,n,orange,x1,-,-,-,-,-,n
117,0,0,y,8.40 dollar per pound,20,pound,dollar,8.4,-,-,y
117,0,1,n,9.00 dollar per pound,x1,pound,dollar,8,-,-,y
117,0,2,n,8.00 dollar per pound,x2,pound,dollar,9,-,-,y
124,0,0,y,animal,11,animal,-,-,leg,38,n
124,0,1,n,chicken,x1,-,-,-,-,-,n
124,0,2,n,cow,x2,-,-,-,-,-,n
126,0,0,y,final product,-,-,-,-,"[gram of fat, calories]","[18,480]",y
126,0,1,n,grain a,x1,-,"[gram of fat, calories]","[2, 80]",-,-,y
126,0,2,n,grain b,x2,-,"[gram of fat, calories]","[3, 60]",-,-,y
131,0,0,y,hat and boot,30,item,-,-,dollar,190,y
131,0,1,n,hat,x1,-,dollar,5,-,-,y
131,0,2,n,boot,x2,-,dollar,9,-,-,y
133,0,0,y,pens and pencils,36,-,-,-,dollar,20,y
133,0,1,n,pencil,x1,-,cent,25,-,-,y
133,0,2,n,pen,x2,-,cent,80,-,-,y
134,0,0,y,-,-,-,-,-,dollar,x2,y
134,0,1,n,daily rate,1,day,dollar,21.95,-,-,y
134,0,2,n,-,x1,mile,dollar,0.19,-,-,y
134,1,0,y,-,-,-,-,-,dollar,x2,y
134,1,1,n,daily rate,1,day,dollar,18.95,-,-,y
134,1,2,n,-,x1,mile,dollar,0.21,-,-,y
142,0,0,y,-,-,-,-,-,kilometers,26,n
142,0,1,n,downstream,2,hour,kilometers,x1+x2,-,-,n
142,0,2,n,upstream,4,hour,kilometers,x1-x2,-,-,n
146,0,0,n,-,80,pound,-,x1,inch,4.5,n
146,1,0,n,-,125,pound,-,x1,inch,x2,n
148,0,0,y,problems,30,problems,-,-,point,100,y
148,0,1,n,3 point problem,x1,-,point,3,-,-,y
148,0,2,n,4 point problem,x2,-,point,4,-,-,y
153,0,0,y,candy,25,box,-,-,dollar,28,y
153,0,1,n,pepermint,x1,box,dollar,1,-,-,y
153,0,2,n,candy cane,x2,box,dollar,1.3,-,-,y
156,0,0,y,-,-,-,-,-,mile,2000,n
156,0,1,n,-,5,hour,mile,x1,-,-,n
156,0,2,n,-,5,hour,mile,x1 + 40,-,-,n
159,0,0,y,2.2 dollar,80,pound,dollar,2.2,-,-,y
159,0,1,n,2-dollar candy,x1,pound,dollar,2,-,-,y
159,0,2,n,3-dollar candy,x2,pound,dollar,3,-,-,y
161,0,0,y,question ,38,question,-,-,point,100,y
161,0,1,n,two-point question,x1,-,point,2,-,-,y
161,0,2,n,five-point question,x2,-,point,5,-,-,y
167,0,1,n,tail wind,3,hour,mile,x1+x2,mile,900,n
167,0,2,n,against,4,hour,mile,x1-x2,mile,900,n
170,0,0,y,-,12,cd,-,-,dollar,82,y
170,0,1,n,7.50 ea,x1,-,-,7.5,-,-,y
170,0,2,n,6.50 ea,x2,-,-,6.5,-,-,y
173,0,0,y,question ,120,question,-,-,point,100,y
173,0,1,n,correct answer,x1,-,point,1,-,-,y
173,0,2,n,incorrect answer,x2,-,point,0.25,-,-,y
175,0,0,y,garden table and bench,750,-,-,-,-,-,n
175,0,1,n,garden table,x1*2,-,-,-,-,-,n
175,0,2,n,bench,x1,-,-,-,-,-,n
180,0,0,y,Barney,-,-,-,-,dollar,69,y
180,0,1,n,daily fee,3,day,dollar,x1,-,-,y
180,0,2,n,mileage fee,300,mile,dollar,x2,-,-,y
180,1,0,y,Mary,-,-,-,,dollar,123,y
180,1,1,n,daily fee,5,day,dollar,x1,-,-,y
180,1,2,n,mileage fee,600,mile,dollar,x2,-,-,y
186,0,0,y,2.2 dollar,80,pound,dollar,2.2,-,-,y
186,0,1,n,2 dollar,x1,pound,dollar,2,-,-,y
186,0,2,n,3 dollar,x2,pound,dollar,3,-,-,y
190,0,0,y,8.25 dollar per pound,20,pound,dollar,8.25,-,-,y
190,0,1,n,9 dollar per pound,x1,-,dollar,9,-,-,y
190,0,2,n,4 dollar per pound,x2,-,dollar,4,-,-,y
196,0,0,y,bill,126,bill,-,-,dollar,840,y
196,0,1,n,5-dollar bill,x1,bill,dollar,5,-,-,y
196,0,2,n,10-dollar bill,x2,bill,dollar,10,-,-,y
199,0,0,y,Baldwin and McInotosh apples,12,bushel,-,-,dollar,11,y
199,0,1,n,baldwin,x1,bushel,cent,95,-,-,y
199,0,2,n,McInotosh,x2,bushel,cent,90,-,-,y
209,0,0,y,cow and chicken,18,head,-,-,leg,50,n
209,0,1,n,cow,x1,-,-,-,-,-,n
209,0,2,n,chicken,x2,-,-,-,-,-,n
213,0,0,y,nut,16,pound,-,-,dollar,72,y
213,0,1,n,peanut,x1,pound,dollar,3,-,-,y
213,0,2,n,almound,x2,pound,dollar,5,-,-,y
231,0,0,y,-,-,-,-,-,mile,385,n
231,0,1,n,-,52,mile,hour,x1,-,-,n
231,0,2,n,-,58,mile,hour,x1,-,-,n
240,0,0,y,-,-,-,-,-,centimeter,264,n
240,0,1,n,-,x1,centimeter,minute,22,-,-,n
240,0,2,n,-,x1+6,centimeter,minute,22,-,-,n
243,0,0,y,caesar,-,-,-,-,dollar,x2,y
243,0,1,n,room,1,room,dollar,800,-,-,y
243,0,2,n,meal,x1,meal,dollar,30,-,-,y
243,1,0,y,venus hall,,-,-,-,dollar,x2,y
243,1,1,n,room,1,room,dollar,500,-,-,y
243,1,2,n,meal,x1,meal,dollar,35,-,-,y
248,0,0,y,62 % cement,10,ton,% cement,62,-,-,y
248,0,1,n,20 % cement,x1,ton,% cement,20,-,-,y
248,0,2,n,80 % cement,x2,ton,% cement,80,-,-,y
253,0,0,y,0.36 dollar per pound,35,pound,dollar,0.36,-,-,y
253,0,1,n,0.18 dollar per pound,x1,pound,dollar,0.18,-,-,y
253,0,2,n,0.53 dollar per pound,x2,pound,dollar,0.53,-,-,y
270,0,0,y,lemonade,155,cup,-,-,dollar,265,y
270,0,1,n,large cup,x1,cup,dollar,2.5,-,-,y
270,0,2,n,small cup,x2,cup,dollar,1.25,-,-,y
276,0,0,y,budget,-,-,-,-,dollar,75,n
276,0,1,n,-,x1,mile,cent,18,-,-,n
276,0,2,n,-,1,day,dollar,3,-,-,n
278,0,0,n,heap,40,inch,-,x1,inch,32,n
278,1,0,n,heap,35,inch,-,x1,inch,x2,n
279,0,0,y,people,315,-,-,-,dollar,810,y
279,0,1,n,child,x1,-,dollar,1.5,-,-,y
279,0,2,n,adult,x2,-,dollar,4,-,-,y
280,0,0,y,people,578,-,-,-,dollar,985,y
280,0,1,n,adult,x1,-,dollar,2,-,-,y
280,0,2,n,child,x1,-,dollar,1.5,-,-,y
282,0,0,y,combined,20,hour,-,-,dollar,1100,y
282,0,1,n,first mechanic,x1,hour,dollar,45,-,-,y
282,0,2,n,second mechanic,x2,hour,dollar,85,-,-,y
285,0,0,y,people,2200,-,-,-,dollar,5050,y
285,0,1,n,adult,x1,-,dollar,4,-,-,y
285,0,2,n,child,x2,-,dollar,1.5,-,-,y
286,0,0,y,ticket,650,ticket,-,-,dollar,4375,y
286,0,1,n,orchestra seat,x1,x1,dollar,7.5,-,-,y
286,0,2,n,balcony seat,x2,x2,dollar,3.5,-,-,y
287,0,0,y,-,39000,dollar,-,-,dollar,1980,y
287,0,1,n,4 %,x1,-,%,4,-,-,y
287,0,2,n,6 %,x2,-,%,6,-,-,y
289,0,0,y,student,91,-,-,-,-,-,n
289,0,1,n,boy,9* x1,-,-,-,-,-,n
289,0,2,n,girl,4*x1,-,-,-,-,-,n
290,0,0,y,first day,-,-,-,-,dollar,79,y
290,0,1,n,senior citizen ticket,4,-,dollar,x1,-,-,y
290,0,2,n,student ticket,3,-,dollar,x2,-,-,y
290,1,0,y,second day,-,-,-,-,dollar,246,y
290,1,1,n,senior citizen ticket,12,-,dolllar,x1,-,-,y
290,1,2,n,student ticket,10,-,dolllar,x2,-,-,y
291,0,0,y,person,280,person,-,-,dollar,140,y
291,0,1,n,adult,x1,-,cent,60,-,-,y
291,0,2,n,child,x2,-,cent,25,-,-,y
293,0,0,n,upstream,5,hour,mile,x1-x2,mile,45,n
293,1,0,n,downstream,3,hour,mile,x1+x2,mile,45,n
294,0,0,y,50 % antifreeze,4,gallon,% antifreeze,50,-,-,y
294,0,1,n,10 % antifreeze,x1,gallon,% antifreeze,10,-,-,y
294,0,2,n,80 % antifreeze,x2,gallon,% antifreeze,80,-,-,y
296,0,0,y,34 % solution,129,liter,%,34,-,-,y
296,0,1,n,40 %,x1,-,%,40,-,-,y
296,0,2,n,25 % concentrate,x2,-,%,25,-,-,y
297,0,0,y,ticks and mosquitoes,180,-,-,-,leg,1240,y
297,0,1,n,tick,x1,-,leg,8,-,-,y
297,0,2,n,mosquitoes,x2,-,leg,6,-,-,y
298,0,1,y,soft drink,12,pack,dollar,x1,dollar,2.99,n
299,0,0,y,textbook,-,-,dollar,55,-,-,n
299,0,1,n,textbook,-,-,dolllar,44,-,-,n
299,0,2,n,profit,-,-,dollar,x1,-,-,n
301,0,0,y,goat and chicken,13,head,-,-,leg,30,y
301,0,1,n,goat,x1,-,-,-,-,-,y
301,0,2,n,chicken,x2,-,-,-,-,-,y
302,0,0,y,18 % alcohol,80,liter,% alcohol,18,-,-,y
302,0,1,n,50 % alcohol,x1,liter,% alcohol,50,-,-,y
302,0,2,n,30 % alcohol,x2,liter,% alcohol,30,-,-,y
304,0,0,y,-,-,-,-,-,dollar,155,y
304,0,1,n,soccer ball,1,-,dollar,,-,-,y
304,0,2,n,football,3,-,dollar,,-,-,y
304,1,0,y,-,-,-,-,-,dollar,220,y
304,1,1,n,soccer ball,3,-,dollar,,-,-,y
304,1,2,n,football,2,-,dollar,,-,-,y
305,0,0,y,-,-,-,-,-,dollar,x1,y
305,0,1,n,monthly fee,1,month,dollar,22,-,-,y
305,0,2,n,additional,x2,minute,dollar,0.13,-,-,y
305,1,0,y,-,-,-,-,-,dollar,x1,y
305,1,1,n,monthly fee,1,month,dollar,8,-,-,y
305,1,2,n,additional,x2,minute,dollar,0.18,-,-,y
306,0,0,y,DVD and CD,273,-,-,-,-,-,n
306,0,1,n,DVD,1.6*x1,-,-,-,-,-,n
306,0,2,n,CD,x1,-,-,-,-,-,n
307,0,0,y,-,-,-,-,-,dollar,1200,n
307,0,1,n,thermometers,7*x1,-,dollar,2,-,-,n
307,0,2,n,hot-water bottles,x1,-,dollar,6,-,-,n
309,0,0,y,question ,40,question,-,-,point,100,y
309,0,1,n,2-point question,x1,-,point,2,-,-,y
309,0,2,n,5-point question,x2,-,point,5,-,-,y
310,0,0,y,animal,168,-,-,-,-,-,n
310,0,1,n,cow,5*x1,-,-,-,-,-,n
310,0,2,n,horse,x1,-,-,-,-,-,n
311,0,0,y,ticket,21,ticket,-,-,dollar,83.5,y
311,0,1,n,adult,x1,ticket,dollar,5.5,-,-,y
311,0,2,n,child,x2,ticket,dollar,3.5,-,-,y
313,0,0,y,problem,25,problem,-,-,point,85,y
313,0,1,n,right answer,x1,-,point,4,-,-,y
313,0,2,n,wrong answer,x2,-,point,1,-,-,y
316,0,0,y,loan,"31,000",dollar,-,-,dollar,1024.4,y
316,0,1,n,2.8 %,,x1,%,2.8,-,-,y
316,0,2,n,4.5 %,,x2,%,4.5,-,-,y
317,0,0,y,4 dollar per pound,10,pound,dollar,4,-,-,y
317,0,1,n,3.50 dollar per pound,x,pound,dollar,3.5,-,-,y
317,0,2,n,4.30 dollar per pound,y,pound,dollar,4.3,-,-,y
318,0,0,y,Jason,18,hour,-,-,dollar,88,y
318,0,1,n,after school,x1,hour,dollar,4,-,-,y
318,0,2,n,Saturday,x2,hour,dollar,6,-,-,y
319,0,0,y,nickel and dime,30,-,-,-,dollar,2.4,n
319,0,1,n,dime,x1,-,-,-,-,-,n
319,0,2,n,nickel,x2,-,-,-,-,-,n
320,0,0,y,ticket,563,ticket,-,-,dollar,2840,y
320,0,1,n,adult ticket,x1,ticket,dollar,6,-,-,y
320,0,2,n,student ticket,x2,ticket,dollar,4,-,-,y
323,0,0,y,coin,33,coin,-,-,dollar,2.35,n
323,0,1,n,nickel,x1,-,-,-,-,-,n
323,0,2,n,dime,x2,-,-,-,-,-,n
324,0,0,y,-,-,-,-,-,dollar,7.8,y
324,0,1,n,enchiladas,3,-,dollar,,-,-,y
324,0,2,n,tacos,2,-,dollar,,-,-,y
324,1,0,y,-,-,-,-,-,dollar,12.7,y
324,1,1,n,enchiladas,5,-,dollar,,-,-,y
324,1,2,n,tacos,3,-,dollar,,-,-,y
325,0,0,y,tickets,400,ticket,-,-,dollar,2100,y
325,0,1,n,adult ticket,x1,ticket,dollar,6,-,-,y
325,0,2,n,child ticket,x2,ticket,dollar,4.5,-,-,y
326,0,0,y,peanut and walnut,40,pound,dollar,3,-,-,y
326,0,1,n,peanut,x1,-,dollar,2.75,-,-,y
326,0,2,n,walnut,x2,-,dollar,3.75,-,-,y
327,0,0,y,people,42,-,-,-,-,-,n
327,0,1,n,child,2*x1,-,-,-,-,-,n
327,0,2,n,adult,x1,-,-,-,-,-,n
330,0,0,y,handle,x1,handle,dollar,4.6,-,-,n
330,0,1,n,modeling machine,1,-,dollar,7640,-,-,n
330,0,2,n,plastic handle,x1,handle,dollar,0.6,-,-,n
331,0,0,y,car,"5,500",car,-,-,-,-,n
331,0,1,n,day shift,4*x1,-,-,-,-,-,n
331,0,2,n,second shift,x1,-,-,-,-,-,n
334,0,0,y,70 % alcohol,10.5,liter,% alcohol,70,-,-,y
334,0,1,n,50 % alcohol,x1,liter,% alcohol,50,-,-,y
334,0,2,n,80 % alcohol,x2,liter,% alcohol,80,-,-,y
336,0,0,y,cyclist,-,-,-,-,kilometer,270,n
336,0,1,n,-,x1,kilometer,hour,5,-,-,n
336,0,2,n,-,x1+8,kilometer,hour,5,-,-,n
337,0,0,y,prepaid phone card,1,-,-,-,dollar,30,n
337,0,1,n,long distance call,x1,minute,cent,16,-,-,n
337,0,2,n,remaining credit,1,-,dollar,26.48,-,-,n
338,0,0,y,-,-,-,-,-,dollar,537,n
338,0,1,n,watches,3*x1,-,dollar,27.98,-,-,n
338,0,2,n,beepers,x1,-,dollar,23.46,-,-,n
339,0,0,y,-,-,-,-,-,dollar,6.25,n
339,0,1,n,hamburgers,3,-,cent,x1+25,-,-,n
339,0,2,n,servings of french fries,2,-,cent,x1+25,-,-,n
340,0,0,y,shirt and sweeter,80.34,dollar,-,-,-,-,n
340,0,1,n,shirt,x1-7.43,dollar,-,-,-,-,n
340,0,2,n,sweeter,x1-7.43,dollar,-,-,-,-,n
342,0,0,y,-,-,-,-,-,kilometer,,
342,0,1,n,-,x1 + 15,kilometer,,,,,
342,0,2,n,-,x1,kilometer,,,,,